[
    {
        "value": "$",
        "label": "USD"
    },
    {
        "value": "CA$",
        "label": "CAD"
    },
    {
        "value": "€",
        "label": "EUR"
    },
    {
        "value": "AED",
        "label": "AED"
    },
    {
        "value": "Af",
        "label": "AFN"
    },
    {
        "value": "ALL",
        "label": "ALL"
    },
    {
        "value": "AMD",
        "label": "AMD"
    },
    {
        "value": "AR$",
        "label": "ARS"
    },
    {
        "value": "AU$",
        "label": "AUD"
    },
    {
        "value": "man.",
        "label": "AZN"
    },
    {
        "value": "KM",
        "label": "BAM"
    },
    {
        "value": "Tk",
        "label": "BDT"
    },
    {
        "value": "BGN",
        "label": "BGN"
    },
    {
        "value": "BD",
        "label": "BHD"
    },
    {
        "value": "FBu",
        "label": "BIF"
    },
    {
        "value": "BN$",
        "label": "BND"
    },
    {
        "value": "Bs",
        "label": "BOB"
    },
    {
        "value": "R$",
        "label": "BRL"
    },
    {
        "value": "BWP",
        "label": "BWP"
    },
    {
        "value": "BYR",
        "label": "BYR"
    },
    {
        "value": "BZ$",
        "label": "BZD"
    },
    {
        "value": "CDF",
        "label": "CDF"
    },
    {
        "value": "CHF",
        "label": "CHF"
    },
    {
        "value": "CL$",
        "label": "CLP"
    },
    {
        "value": "CN¥",
        "label": "CNY"
    },
    {
        "value": "CO$",
        "label": "COP"
    },
    {
        "value": "₡",
        "label": "CRC"
    },
    {
        "value": "CV$",
        "label": "CVE"
    },
    {
        "value": "Kč",
        "label": "CZK"
    },
    {
        "value": "Fdj",
        "label": "DJF"
    },
    {
        "value": "Dkr",
        "label": "DKK"
    },
    {
        "value": "RD$",
        "label": "DOP"
    },
    {
        "value": "DA",
        "label": "DZD"
    },
    {
        "value": "Ekr",
        "label": "EEK"
    },
    {
        "value": "EGP",
        "label": "EGP"
    },
    {
        "value": "Nfk",
        "label": "ERN"
    },
    {
        "value": "Br",
        "label": "ETB"
    },
    {
        "value": "£",
        "label": "GBP"
    },
    {
        "value": "GEL",
        "label": "GEL"
    },
    {
        "value": "GH₵",
        "label": "GHS"
    },
    {
        "value": "FG",
        "label": "GNF"
    },
    {
        "value": "GTQ",
        "label": "GTQ"
    },
    {
        "value": "HK$",
        "label": "HKD"
    },
    {
        "value": "HNL",
        "label": "HNL"
    },
    {
        "value": "kn",
        "label": "HRK"
    },
    {
        "value": "Ft",
        "label": "HUF"
    },
    {
        "value": "Rp",
        "label": "IDR"
    },
    {
        "value": "₪",
        "label": "ILS"
    },
    {
        "value": "Rs",
        "label": "INR"
    },
    {
        "value": "IQD",
        "label": "IQD"
    },
    {
        "value": "IRR",
        "label": "IRR"
    },
    {
        "value": "Ikr",
        "label": "ISK"
    },
    {
        "value": "J$",
        "label": "JMD"
    },
    {
        "value": "JD",
        "label": "JOD"
    },
    {
        "value": "¥",
        "label": "JPY"
    },
    {
        "value": "Ksh",
        "label": "KES"
    },
    {
        "value": "KHR",
        "label": "KHR"
    },
    {
        "value": "CF",
        "label": "KMF"
    },
    {
        "value": "₩",
        "label": "KRW"
    },
    {
        "value": "KD",
        "label": "KWD"
    },
    {
        "value": "KZT",
        "label": "KZT"
    },
    {
        "value": "LB£",
        "label": "LBP"
    },
    {
        "value": "SLRs",
        "label": "LKR"
    },
    {
        "value": "Lt",
        "label": "LTL"
    },
    {
        "value": "Ls",
        "label": "LVL"
    },
    {
        "value": "LD",
        "label": "LYD"
    },
    {
        "value": "MAD",
        "label": "MAD"
    },
    {
        "value": "MDL",
        "label": "MDL"
    },
    {
        "value": "MGA",
        "label": "MGA"
    },
    {
        "value": "MKD",
        "label": "MKD"
    },
    {
        "value": "MMK",
        "label": "MMK"
    },
    {
        "value": "MOP$",
        "label": "MOP"
    },
    {
        "value": "MURs",
        "label": "MUR"
    },
    {
        "value": "MX$",
        "label": "MXN"
    },
    {
        "value": "RM",
        "label": "MYR"
    },
    {
        "value": "MTn",
        "label": "MZN"
    },
    {
        "value": "N$",
        "label": "NAD"
    },
    {
        "value": "₦",
        "label": "NGN"
    },
    {
        "value": "C$",
        "label": "NIO"
    },
    {
        "value": "Nkr",
        "label": "NOK"
    },
    {
        "value": "NPRs",
        "label": "NPR"
    },
    {
        "value": "NZ$",
        "label": "NZD"
    },
    {
        "value": "OMR",
        "label": "OMR"
    },
    {
        "value": "B/.",
        "label": "PAB"
    },
    {
        "value": "S/.",
        "label": "PEN"
    },
    {
        "value": "₱",
        "label": "PHP"
    },
    {
        "value": "PKRs",
        "label": "PKR"
    },
    {
        "value": "zł",
        "label": "PLN"
    },
    {
        "value": "₲",
        "label": "PYG"
    },
    {
        "value": "QR",
        "label": "QAR"
    },
    {
        "value": "RON",
        "label": "RON"
    },
    {
        "value": "din.",
        "label": "RSD"
    },
    {
        "value": "RUB",
        "label": "RUB"
    },
    {
        "value": "RWF",
        "label": "RWF"
    },
    {
        "value": "SR",
        "label": "SAR"
    },
    {
        "value": "SDG",
        "label": "SDG"
    },
    {
        "value": "Skr",
        "label": "SEK"
    },
    {
        "value": "S$",
        "label": "SGD"
    },
    {
        "value": "Ssh",
        "label": "SOS"
    },
    {
        "value": "SY£",
        "label": "SYP"
    },
    {
        "value": "฿",
        "label": "THB"
    },
    {
        "value": "DT",
        "label": "TND"
    },
    {
        "value": "T$",
        "label": "TOP"
    },
    {
        "value": "TL",
        "label": "TRY"
    },
    {
        "value": "TT$",
        "label": "TTD"
    },
    {
        "value": "NT$",
        "label": "TWD"
    },
    {
        "value": "TSh",
        "label": "TZS"
    },
    {
        "value": "₴",
        "label": "UAH"
    },
    {
        "value": "USh",
        "label": "UGX"
    },
    {
        "value": "$U",
        "label": "UYU"
    },
    {
        "value": "UZS",
        "label": "UZS"
    },
    {
        "value": "Bs.F.",
        "label": "VEF"
    },
    {
        "value": "₫",
        "label": "VND"
    },
    {
        "value": "FCFA",
        "label": "XAF"
    },
    {
        "value": "CFA",
        "label": "XOF"
    },
    {
        "value": "YR",
        "label": "YER"
    },
    {
        "value": "R",
        "label": "ZAR"
    },
    {
        "value": "ZK",
        "label": "ZMK"
    }
]